Datetime,Water Level (m)
2025-04-16 12:00:00,-0.331996
2025-04-16 13:00:00,-0.21092732
2025-04-16 14:00:00,-0.0678603
2025-04-16 15:00:00,0.05867127
2025-04-16 16:00:00,0.113705136
2025-04-16 17:00:00,0.09839621
2025-04-16 18:00:00,-0.008564922
2025-04-16 19:00:00,-0.16101952
2025-04-16 20:00:00,-0.3306192
2025-04-16 21:00:00,-0.48241577
2025-04-16 22:00:00,-0.57040244
2025-04-16 23:00:00,-0.56896806
2025-04-17 00:00:00,-0.4909237
2025-04-17 01:00:00,-0.33774567
2025-04-17 02:00:00,-0.13788155
2025-04-17 03:00:00,0.05168261
2025-04-17 04:00:00,0.17909686
2025-04-17 05:00:00,0.24105594
2025-04-17 06:00:00,0.21539468
2025-04-17 07:00:00,0.11795468
2025-04-17 08:00:00,-0.028266015
2025-04-17 09:00:00,-0.17878653
2025-04-17 10:00:00,-0.2970395
2025-04-17 11:00:00,-0.35211155
2025-04-17 12:00:00,-0.34383392
2025-04-17 13:00:00,-0.2694152
2025-04-17 14:00:00,-0.15103316
2025-04-17 15:00:00,-0.02254241
2025-04-17 16:00:00,0.05247642
2025-04-17 17:00:00,0.06330714
2025-04-17 18:00:00,0.00986424
2025-04-17 19:00:00,-0.089856744
2025-04-17 20:00:00,-0.23450868
2025-04-17 21:00:00,-0.38341045
2025-04-17 22:00:00,-0.48498264
2025-04-17 23:00:00,-0.5327775
2025-04-18 00:00:00,-0.50311744
2025-04-18 01:00:00,-0.40188724
2025-04-18 02:00:00,-0.24847528
2025-04-18 03:00:00,-0.06829303
2025-04-18 04:00:00,0.085406266
2025-04-18 05:00:00,0.18313015
2025-04-18 06:00:00,0.20751716
2025-04-18 07:00:00,0.16482557
2025-04-18 08:00:00,0.07311841
2025-04-18 09:00:00,-0.057610717
2025-04-18 10:00:00,-0.18407954
2025-04-18 11:00:00,-0.26818472
2025-04-18 12:00:00,-0.2971795
2025-04-18 13:00:00,-0.28242472
2025-04-18 14:00:00,-0.22422452
2025-04-18 15:00:00,-0.11916357
2025-04-18 16:00:00,-0.036766626
2025-04-18 17:00:00,0.004358899
2025-04-18 18:00:00,-0.0052144527
2025-04-18 19:00:00,-0.05520283
2025-04-18 20:00:00,-0.15079445
2025-04-18 21:00:00,-0.26783225
2025-04-18 22:00:00,-0.37930974
2025-04-18 23:00:00,-0.45592627
2025-04-19 00:00:00,-0.46919447
2025-04-19 01:00:00,-0.42049477
2025-04-19 02:00:00,-0.32113835
2025-04-19 03:00:00,-0.17531154
2025-04-19 04:00:00,-0.00932193
2025-04-19 05:00:00,0.13159953
2025-04-19 06:00:00,0.22872506
2025-04-19 07:00:00,0.31527185
2025-04-19 08:00:00,0.30748475
2025-04-19 09:00:00,0.23922834
2025-04-19 10:00:00,0.12808487
2025-04-19 11:00:00,0.011899577
2025-04-19 12:00:00,-0.054557297
2025-04-19 13:00:00,-0.09102701
2025-04-19 14:00:00,-0.087111115
2025-04-19 15:00:00,-0.032452174
2025-04-19 16:00:00,0.04355136
2025-04-19 17:00:00,0.10176727
2025-04-19 18:00:00,0.1327581
2025-04-19 19:00:00,0.12204359
2025-04-19 20:00:00,0.07800527
2025-04-19 21:00:00,0.003925257
2025-04-19 22:00:00,-0.10713382
2025-04-19 23:00:00,-0.20247218
2025-04-20 00:00:00,-0.26661998
2025-04-20 01:00:00,-0.28049982
2025-04-20 02:00:00,-0.2410225
2025-04-20 03:00:00,-0.16887802
2025-04-20 04:00:00,-0.056142148
2025-04-20 05:00:00,0.06889674
2025-04-20 06:00:00,0.1707853
2025-04-20 07:00:00,0.21911508
2025-04-20 08:00:00,0.23244736
2025-04-20 09:00:00,0.19921848
2025-04-20 10:00:00,0.123703845
2025-04-20 11:00:00,0.02375058
2025-04-20 12:00:00,-0.08546927
2025-04-20 13:00:00,-0.1624133
2025-04-20 14:00:00,-0.21561313
2025-04-20 15:00:00,-0.21864653
2025-04-20 16:00:00,-0.20527795
2025-04-20 17:00:00,-0.14249487
2025-04-20 18:00:00,-0.090637594
2025-04-20 19:00:00,-0.05628692
2025-04-20 20:00:00,-0.04619385
2025-04-20 21:00:00,-0.0702493
2025-04-20 22:00:00,-0.12001047
2025-04-20 23:00:00,-0.19796701
2025-04-21 00:00:00,-0.28106087
2025-04-21 01:00:00,-0.3324753
2025-04-21 02:00:00,-0.3419318
2025-04-21 03:00:00,-0.3268381
2025-04-21 04:00:00,-0.2625133
2025-04-21 05:00:00,-0.1567794
2025-04-21 06:00:00,-0.035522465
2025-04-21 07:00:00,0.057790685
2025-04-21 08:00:00,0.12874013
2025-04-21 09:00:00,0.15986742
2025-04-21 10:00:00,0.14023687
2025-04-21 11:00:00,0.070225745
2025-04-21 12:00:00,-0.033598937
2025-04-21 13:00:00,-0.15403156
2025-04-21 14:00:00,-0.24389228
2025-04-21 15:00:00,-0.31324145
2025-04-21 16:00:00,-0.34665245
2025-04-21 17:00:00,-0.33686385
2025-04-21 18:00:00,-0.27661473
2025-04-21 19:00:00,-0.20224689
2025-04-21 20:00:00,-0.1408449
2025-04-21 21:00:00,-0.10034184
2025-04-21 22:00:00,-0.08400548
2025-04-21 23:00:00,-0.1129317
2025-04-22 00:00:00,-0.19962654
2025-04-22 01:00:00,-0.27671593
2025-04-22 02:00:00,-0.33992127
2025-04-22 03:00:00,-0.3892785
2025-04-22 04:00:00,-0.39105555
2025-04-22 05:00:00,-0.33858562
2025-04-22 06:00:00,-0.24017589
2025-04-22 07:00:00,-0.115190916
2025-04-22 08:00:00,0.0017441834
2025-04-22 09:00:00,0.0945383
2025-04-22 10:00:00,0.14396276
2025-04-22 11:00:00,0.13274288
2025-04-22 12:00:00,0.059885263
